Seller,Type,Marketplace,Location,Product,SKU,MAP Price,Violation Price,Violation %,Detected,Status
"petco.com","Retailer","","20997","IAMS PROACTIVE HEALTH Adult Minichunks Dry Dog Food Chicken, 7 lb. Bag","10171569","17.98","17.68","1.67","11/5/2025, 11:48:29 AM","Open"
"petco.com","Retailer","","20997","GREENIES Original TEENIE Natural Dental Care Dog Treats, 54 oz. Pack, (192 Treats)","10277458","58.96","39.98","32.19","11/5/2025, 11:47:40 AM","Open"
"petco.com","Retailer","","20997","IAMS Healthy Enjoyment Dry Cat Food Chicken & Salmon Recipe, 3 lb. Bag","10251708","10.98","9.89","9.93","11/5/2025, 11:32:24 AM","Open"
"petco.com","Retailer","","20997","NUTRO PERFECT PORTIONS Grain Free Natural Adult Wet Cat Food Pate Real Turkey and Real Chicken Recipes Variety Pack, (12) 2.6 oz. Twin-Pack Trays (Pack of 2)","10200870","43.96","21.98","50.00","11/5/2025, 11:29:49 AM","Open"
"petco.com","Retailer","","20997","NUTRO So Simple Meal Complement Wet Dog Food Chicken and Chicken & Duck Recipes in Bone Broth 8-count Variety Pack, 2 oz. Tubs","10240594","22.98","22.96","0.09","11/5/2025, 11:23:12 AM","Open"
"petco.com","Retailer","","20997","PEDIGREE Complete Nutrition Adult Dry Dog Food Grilled Steak & Vegetable Flavor Dog Kibble, 16 lb. Bag","10249527","16.98","6.32","62.78","11/5/2025, 11:19:27 AM","Open"
"petco.com","Retailer","","20997","GREENIES PILL POCKETS for Dogs Capsule Size Natural Soft Dog Treats with Real Peanut Butter, (6) 7.9 oz. Pack (30 Treats)","10265110","59.88","17.98","69.97","11/5/2025, 11:18:29 AM","Open"
"petco.com","Retailer","","20997","PEDIGREE CHOICE CUTS IN GRAVY Adult Soft Wet Dog Food 30-Count Variety Pack, 3.5 oz Pouches","10207556","25.98","25.00","3.77","11/5/2025, 11:17:48 AM","Open"
"petco.com","Retailer","","20997","PEDIGREE CHOICE CUTS IN GRAVY Adult Soft Wet Dog Food 30-Count Variety Pack, 3.5 oz Pouches 10278902","10278902","25.98","25.00","3.77","11/5/2025, 11:17:42 AM","Open"
"petco.com","Retailer","","20997","NUTRO PERFECT PORTIONS Grain Free Natural Adult Wet Cat Food Cuts in Gravy Real Chicken Recipe, (24) 2.6 oz. Twin-Pack Trays","10201048","47.52","1.99","95.81","11/5/2025, 11:13:20 AM","Open"
"petco.com","Retailer","","20997","IAMS Proactive Health Healthy Weight Adult Dry Cat Food Chicken Flavor, 7 lb. Bag","10290714","18.98","18.45","2.79","11/5/2025, 11:07:01 AM","Open"
"petco.com","Retailer","","20997","GREENIES PILL POCKETS for Dogs Tablet Size Natural Soft Dog Treats, Cheese Flavor, 3.2 oz., Pack of 6","10239060","59.88","17.98","69.97","11/5/2025, 10:59:45 AM","Open"
"petco.com","Retailer","","20997","IAMS PROACTIVE HEALTH Adult Indoor Weight & Hairball Care Dry Cat Food with Chicken, Turkey, and Garden Greens, 3.5 lb. Bag","10241893","10.98","10.02","8.74","11/5/2025, 10:59:00 AM","Open"
"petco.com","Retailer","","20997","SHEBA Wet Cat Food Cuts in Gravy Variety Pack, With Sustainable Tuna and Gourmet Salmon Entree and Delicate White Fish & Tuna Entree, (24) 2.6 oz. PERFECT PORTIONS Twin-Pack Trays","10235651,10285552","25.98","1.19","95.42","11/5/2025, 10:57:20 AM","Open"
"petco.com","Retailer","","20997","CESAR CANINE CUISINE Wet Dog Food with Turkey, (24) 3.5 oz. Trays","10179851","30.72","29.99","2.38","11/5/2025, 10:56:52 AM","Open"
"petco.com","Retailer","","20997","GREENIES PILL POCKETS for Dogs Tablet Size Natural Soft Dog Treats, Cheese Flavor, 3.2 oz. Pack (30 Treats)","10239060","9.98","8.98","10.02","11/5/2025, 10:52:51 AM","Open"
"petco.com","Retailer","","20997","GREENIES Original TEENIE Dental Dog Treats, 27 oz. Pack (96 Treats)","10228879, 10258164","32.98","29.98","9.10","11/5/2025, 10:48:31 AM","Open"
"petco.com","Retailer","","20997","IAMS PROACTIVE HEALTH Healthy Adult Dry Cat Food with Chicken, 7 lb. Bag","10241886","18.98","18.86","0.63","11/5/2025, 10:44:10 AM","Open"
"petco.com","Retailer","","20997","NUTRO NATURAL CHOICE Small Bites Adult Dry Dog Food, Lamb & Brown Rice Recipe Dog Kibble, 5 lb. Bag","10197024, 10280767","22.98","20.35","11.44","11/5/2025, 10:43:07 AM","Open"
"petco.com","Retailer","","20997","IAMS PROACTIVE HEALTH Adult Sensitive Digestion & Skin, Dry Cat Food with Turkey Cat Kibble, 3 lb. Bag","10241832","10.98","9.88","10.02","11/5/2025, 10:41:58 AM","Open"
"petco.com","Retailer","","20997","CESAR CANINE CUISINE Wet Dog Food with Turkey, (24) 3.5 oz. Trays","10179851","30.72","29.99","2.38","11/5/2025, 10:35:04 AM","Open"
"petco.com","Retailer","","20997","IAMS PROACTIVE HEALTH Adult Indoor Weight & Hairball Care Dry Cat Food with Chicken, Turkey, and Garden Greens, 7 lb. Bag","10241884","18.98","18.95","0.16","11/5/2025, 10:31:04 AM","Open"
"petco.com","Retailer","","20997","GREENIES Skin & Coat Food Supplements With Omega 3 Fatty Acids, 40-Count Chicken- Flavor Soft Chews for Adult Dogs of All Sizes","10239505, 10282890","15.98","10.93","31.60","11/5/2025, 10:25:51 AM","Open"
"petco.com","Retailer","","20997","IAMS PROACTIVE HEALTH Smart Puppy Dry Dog Food Chicken, 15 lb. Bag","10171559","29.98","26.98","10.01","11/5/2025, 10:15:27 AM","Open"
"petco.com","Retailer","","20997","GREENIES PILL POCKETS for Dogs Tablet Size Natural Soft Dog Treats, Cheese Flavor, 3.2 oz. Pack (30 Treats)","10239060","9.98","8.98","10.02","11/5/2025, 10:14:58 AM","Open"
"petco.com","Retailer","","20997","GREENIES PILL POCKETS for Dogs Tablet Size Natural Soft Dog Treats, Cheese Flavor, 3.2 oz., Pack of 6","10239060","59.88","8.98","85.00","11/5/2025, 10:14:58 AM","Open"
"petco.com","Retailer","","20997","GREENIES PILL POCKETS for Dogs Tablet Size Natural Soft Dog Treats, Hickory Smoke Flavor, 3.2 oz. Pack (30 Treats)","10239289","9.98","8.98","10.02","11/5/2025, 10:14:58 AM","Open"
"petco.com","Retailer","","20997","GREENIES PILL POCKETS for Dogs Capsule Size Natural Soft Dog Treats, Cheese Flavor, 7.9 oz. Pack (30 Treats)","10265111","9.98","8.98","10.02","11/5/2025, 10:09:22 AM","Open"
"petco.com","Retailer","","20997","IAMS PROACTIVE HEALTH Healthy Kitten Dry Cat Food with Chicken, 3.5 lb. Bag","10241896","10.98","9.89","9.93","11/5/2025, 10:06:41 AM","Open"
"petco.com","Retailer","","20997","CESAR Wet Dog Food HOME DELIGHTS & Classic Loaf in Sauce Variety Pack, (36) 3.5 oz. Easy Peel Trays","10192135, 10192165","39.98","35.94","10.11","11/5/2025, 10:02:24 AM","Open"
"petco.com","Retailer","","20997","CESAR CANINE CUISINE Wet Dog Food Porterhouse Steak Flavor, (24) 3.5 oz. Trays","10179857","30.72","1.49","95.15","11/5/2025, 10:02:24 AM","Open"
"petco.com","Retailer","","20997","IAMS PROACTIVE HEALTH Adult Sensitive Digestion & Skin, Dry Cat Food with Turkey Cat Kibble, 6 lb. Bag","10241830","18.98","18.94","0.21","11/5/2025, 9:55:28 AM","Open"
"petco.com","Retailer","","20997","GREENIES Original Regular Size Dental Dog Treats, 36 oz. Pack","10229571, 10271772","39.96","36.98","7.46","11/5/2025, 9:44:09 AM","Open"
"petco.com","Retailer","","20997","GREENIES PILL POCKETS for Dogs Tablet Size Natural Soft Dog Treats, Chicken Flavor, 3.2 oz. Pack (30 Treats)","10239070","9.98","8.98","10.02","11/5/2025, 9:33:10 AM","Open"
"petco.com","Retailer","","20997","IAMS PROACTIVE HEALTH Healthy Adult Dry Cat Food with Salmon and Tuna, 3.5 lb. Bag","10241852","10.98","9.88","10.02","11/5/2025, 9:07:53 AM","Open"
"petco.com","Retailer","","20997","2 Pack, Greenies Treats for Dogs, 5-15 lbs/2-7 kg, Mini Treat-Pak-Teenie 6 oz","10197567, 10258593","19.96","17.98","9.92","11/5/2025, 8:33:48 AM","Open"
"petco.com","Retailer","","20997","GREENIES PILL POCKETS for Dogs Capsule Size Natural Soft Dog Treats with Real Peanut Butter, (6) 7.9 oz. Pack (30 Treats)","10265110","59.88","9.98","83.33","11/5/2025, 8:17:54 AM","Open"
"petco.com","Retailer","","20997","IAMS PROACTIVE HEALTH Adult Hairball Care Dry Cat Food with Chicken and Salmon, 7 lb. Bag","10241900","18.98","18.45","2.79","11/5/2025, 7:57:06 AM","Open"
"petco.com","Retailer","","20997","PEDIGREE Chopped Ground Dinner Adult Soft Wet Meaty Dog Food With Hearty Chicken, (16) 3.5 oz. Pouches","10226696, 10197173","15.52","0.97","93.75","11/5/2025, 7:47:43 AM","Open"
"petco.com","Retailer","","20997","GREENIES Original Large Natural Dental Care Dog Treats, 54 oz. Pack, (34 Treats)","10277455","58.96","39.98","32.19","11/5/2025, 7:14:38 AM","Open"